"","matrix.0.","state","district","title","enddate","party","birthday","firstname","middlename","lastname","sortname","gender","twitterid"
"1","PR-0","PR",0,"Commish.","2017-01-03","Democrat","1959-04-26","Pedro","R.","Pierluisi","Pierluisi, Pedro (Commish.) [D-PR0]","male","PedroPierluisi"
"2","AL-4","AL",4,"Rep.","2017-01-03","Republican","1965-07-22","Robert","B.","Aderholt","Aderholt, Robert (Rep.) [R-AL4]","male","Robert_Aderholt"
"3","TX-6","TX",6,"Rep.","2017-01-03","Republican","1949-09-15","Joe","Linus","Barton","Barton, Joe (Rep.) [R-TX6]","male","RepJoeBarton"
"4","CA-34","CA",34,"Rep.","2017-01-03","Democrat","1958-01-26","Xavier","","Becerra","Becerra, Xavier (Rep.) [D-CA34]","male","RepBecerra"
"5","UT-1","UT",1,"Rep.","2017-01-03","Republican","1951-07-13","Rob","","Bishop","Bishop, Rob (Rep.) [R-UT1]","male","RepRobBishop"
"6","GA-2","GA",2,"Rep.","2017-01-03","Democrat","1947-02-04","Sanford","D.","Bishop","Bishop, Sanford (Rep.) [D-GA2]","male","SanfordBishop"
"7","TN-7","TN",7,"Rep.","2017-01-03","Republican","1952-06-06","Marsha","W.","Blackburn","Blackburn, Marsha (Rep.) [R-TN7]","female","MarshaBlackburn"
"8","OR-3","OR",3,"Rep.","2017-01-03","Democrat","1948-08-16","Earl","","Blumenauer","Blumenauer, Earl (Rep.) [D-OR3]","male","BlumenauerMedia"
"9","OH-8","OH",8,"Rep.","2017-01-03","Republican","1949-11-17","John","A.","Boehner","Boehner, John (Rep.) [R-OH8]","male","SpeakerBoehner"
"10","GU-0","GU",0,"Rep.","2017-01-03","Democrat","1933-05-31","Madeleine","Z.","Bordallo","Bordallo, Madeleine (Rep.) [D-GU0]","female",NA
"11","TX-8","TX",8,"Rep.","2017-01-03","Republican","1955-04-11","Kevin","P.","Brady","Brady, Kevin (Rep.) [R-TX8]","male","RepKevinBrady"
"12","PA-1","PA",1,"Rep.","2017-01-03","Democrat","1945-04-07","Robert","Alan","Brady","Brady, Robert (Rep.) [D-PA1]","male","RepBrady"
"13","FL-5","FL",5,"Rep.","2017-01-03","Democrat","1946-11-11","Corrine","","Brown","Brown, Corrine (Rep.) [D-FL5]","female","RepCorrineBrown"
"14","TX-26","TX",26,"Rep.","2017-01-03","Republican","1950-12-23","Michael","C.","Burgess","Burgess, Michael (Rep.) [R-TX26]","male","MichaelCBurgess"
"15","CA-42","CA",42,"Rep.","2017-01-03","Republican","1953-06-08","Ken","S.","Calvert","Calvert, Ken (Rep.) [R-CA42]","male","KenCalvert"
"16","CA-24","CA",24,"Rep.","2017-01-03","Democrat","1938-01-10","Lois","","Capps","Capps, Lois (Rep.) [D-CA24]","female","RepLoisCapps"
"17","MA-7","MA",7,"Rep.","2017-01-03","Democrat","1952-01-09","Michael","E.","Capuano","Capuano, Michael (Rep.) [D-MA7]","male",NA
"18","TX-31","TX",31,"Rep.","2017-01-03","Republican","1941-11-06","John","R.","Carter","Carter, John (Rep.) [R-TX31]","male","JudgeCarter"
"19","OH-1","OH",1,"Rep.","2017-01-03","Republican","1953-01-22","Steve","J.","Chabot","Chabot, Steve (Rep.) [R-OH1]","male","RepSteveChabot"
"20","MO-1","MO",1,"Rep.","2017-01-03","Democrat","1956-07-27","Wm.","Lacy","Clay","Clay, Lacy (Rep.) [D-MO1]","male",NA
"21","SC-6","SC",6,"Rep.","2017-01-03","Democrat","1940-07-21","James","E.","Clyburn","Clyburn, James “Jim” (Rep.) [D-SC6]","male","Clyburn"
"22","NC-6","NC",6,"Rep.","2017-01-03","Republican","1969-05-20","Mark","","Walker","Walker, Mark (Rep.) [R-NC6]","male",NA
"23","OK-4","OK",4,"Rep.","2017-01-03","Republican","1949-04-28","Tom","","Cole","Cole, Tom (Rep.) [R-OK4]","male","TomColeOK04"
"24","MI-13","MI",13,"Rep.","2017-01-03","Democrat","1929-05-16","John","","Conyers","Conyers, John (Rep.) [D-MI13]","male","RepJohnConyers"
"25","TN-5","TN",5,"Rep.","2017-01-03","Democrat","1954-06-19","Jim","","Cooper","Cooper, Jim (Rep.) [D-TN5]","male","RepJimCooper"
"26","FL-4","FL",4,"Rep.","2017-01-03","Republican","1944-09-01","Ander","","Crenshaw","Crenshaw, Ander (Rep.) [R-FL4]","male","AnderCrenshaw"
"27","NY-14","NY",14,"Rep.","2017-01-03","Democrat","1962-03-16","Joseph","","Crowley","Crowley, Joseph “Joe” (Rep.) [D-NY14]","male","RepJoeCrowley"
"28","TX-7","TX",7,"Rep.","2017-01-03","Republican","1956-08-24","John","Abney","Culberson","Culberson, John (Rep.) [R-TX7]","male","CongCulberson"
"29","MD-7","MD",7,"Rep.","2017-01-03","Democrat","1951-01-18","Elijah","E.","Cummings","Cummings, Elijah (Rep.) [D-MD7]","male","RepCummings"
"30","IL-7","IL",7,"Rep.","2017-01-03","Democrat","1941-09-06","Danny","K.","Davis","Davis, Danny (Rep.) [D-IL7]","male","RepDannyDavis"
"31","CA-53","CA",53,"Rep.","2017-01-03","Democrat","1944-04-13","Susan","A.","Davis","Davis, Susan (Rep.) [D-CA53]","female","RepSusanDavis"
"32","OR-4","OR",4,"Rep.","2017-01-03","Democrat","1947-05-27","Peter","A.","DeFazio","DeFazio, Peter (Rep.) [D-OR4]","male","RepPeterDeFazio"
"33","CO-1","CO",1,"Rep.","2017-01-03","Democrat","1957-07-29","Diana","L.","DeGette","DeGette, Diana (Rep.) [D-CO1]","female","RepDianaDeGette"
"34","CT-3","CT",3,"Rep.","2017-01-03","Democrat","1943-03-02","Rosa","L.","DeLauro","DeLauro, Rosa (Rep.) [D-CT3]","female","RosaDeLauro"
"35","FL-25","FL",25,"Rep.","2017-01-03","Republican","1961-09-25","Mario","","Diaz-Balart","Diaz-Balart, Mario (Rep.) [R-FL25]","male","MarioDB"
"36","TX-35","TX",35,"Rep.","2017-01-03","Democrat","1946-10-06","Lloyd","A.","Doggett","Doggett, Lloyd (Rep.) [D-TX35]","male","RepLloydDoggett"
"37","PA-14","PA",14,"Rep.","2017-01-03","Democrat","1953-08-05","Michael","F.","Doyle","Doyle, Michael “Mike” (Rep.) [D-PA14]","male","USRepMikeDoyle"
"38","TN-2","TN",2,"Rep.","2017-01-03","Republican","1947-07-21","John","J.","Duncan","Duncan, John “Jimmy” (Rep.) [R-TN2]","male","RepJohnDuncanJr"
"39","NY-16","NY",16,"Rep.","2017-01-03","Democrat","1947-02-18","Eliot","L.","Engel","Engel, Eliot (Rep.) [D-NY16]","male","RepEliotEngel"
"40","CA-18","CA",18,"Rep.","2017-01-03","Democrat","1942-12-13","Anna","G.","Eshoo","Eshoo, Anna (Rep.) [D-CA18]","female","RepAnnaEshoo"
"41","CA-20","CA",20,"Rep.","2017-01-03","Democrat","1941-07-04","Sam","","Farr","Farr, Sam (Rep.) [D-CA20]","male","RepSamFarr"
"42","PA-2","PA",2,"Rep.","2017-01-03","Democrat","1956-11-21","Chaka","","Fattah","Fattah, Chaka (Rep.) [D-PA2]","male","ChakaFattah"
"43","VA-4","VA",4,"Rep.","2017-01-03","Republican","1952-02-17","J.","Randy","Forbes","Forbes, Randy (Rep.) [R-VA4]","male","Randy_Forbes"
"44","AZ-8","AZ",8,"Rep.","2017-01-03","Republican","1957-06-19","Trent","","Franks","Franks, Trent (Rep.) [R-AZ8]","male","RepTrentFranks"
"45","NJ-11","NJ",11,"Rep.","2017-01-03","Republican","1946-04-29","Rodney","P.","Frelinghuysen","Frelinghuysen, Rodney (Rep.) [R-NJ11]","male","USRepRodney"
"46","NJ-5","NJ",5,"Rep.","2017-01-03","Republican","1959-07-09","Scott","","Garrett","Garrett, Scott (Rep.) [R-NJ5]","male","RepGarrett"
"47","VA-6","VA",6,"Rep.","2017-01-03","Republican","1952-09-22","Bob","W.","Goodlatte","Goodlatte, Bob (Rep.) [R-VA6]","male","RepGoodlatte"
"48","TX-12","TX",12,"Rep.","2017-01-03","Republican","1943-01-18","Kay","","Granger","Granger, Kay (Rep.) [R-TX12]","female","RepKayGranger"
"49","MO-6","MO",6,"Rep.","2017-01-03","Republican","1963-11-07","Sam","B.","Graves","Graves, Sam (Rep.) [R-MO6]","male",NA
"50","TX-29","TX",29,"Rep.","2017-01-03","Democrat","1947-10-17","Gene","Eugene","Green","Green, Gene (Rep.) [D-TX29]","male","RepGeneGreen"
"51","AZ-3","AZ",3,"Rep.","2017-01-03","Democrat","1948-02-19","Raúl","M.","Grijalva","Grijalva, Raúl (Rep.) [D-AZ3]","male","RepraulGrijalva"
"52","IL-4","IL",4,"Rep.","2017-01-03","Democrat","1953-12-10","Luis","V.","Gutiérrez","Gutiérrez, Luis (Rep.) [D-IL4]","male","LuisGutierrez"
"53","FL-20","FL",20,"Rep.","2017-01-03","Democrat","1936-09-05","Alcee","L.","Hastings","Hastings, Alcee (Rep.) [D-FL20]","male","RepHastingsFL"
"54","TX-5","TX",5,"Rep.","2017-01-03","Republican","1957-05-29","Jeb","","Hensarling","Hensarling, Jeb (Rep.) [R-TX5]","male","RepHensarling"
"55","TX-15","TX",15,"Rep.","2017-01-03","Democrat","1940-08-20","Rubén","E.","Hinojosa","Hinojosa, Rubén (Rep.) [D-TX15]","male","USRepRHinojosa"
"56","CA-17","CA",17,"Rep.","2017-01-03","Democrat","1941-06-27","Michael","M.","Honda","Honda, Michael “Mike” (Rep.) [D-CA17]","male","RepMikeHonda"
"57","MD-5","MD",5,"Rep.","2017-01-03","Democrat","1939-06-14","Steny","H.","Hoyer","Hoyer, Steny (Rep.) [D-MD5]","male","WhipHoyer"
"58","NY-3","NY",3,"Rep.","2017-01-03","Democrat","1958-05-30","Steve","J.","Israel","Israel, Steve (Rep.) [D-NY3]","male","RepSteveIsrael"
"59","CA-49","CA",49,"Rep.","2017-01-03","Republican","1953-11-01","Darrell","E.","Issa","Issa, Darrell (Rep.) [R-CA49]","male","DarrellIssa"
"60","TX-18","TX",18,"Rep.","2017-01-03","Democrat","1950-01-12","Sheila","","Jackson Lee","Jackson Lee, Sheila (Rep.) [D-TX18]","female","JacksonLeeTX18"
"61","TX-30","TX",30,"Rep.","2017-01-03","Democrat","1935-12-03","Eddie","Bernice","Johnson","Johnson, Eddie (Rep.) [D-TX30]","female","RepEBJ"
"62","TX-3","TX",3,"Rep.","2017-01-03","Republican","1930-10-11","Sam","Robert","Johnson","Johnson, Sam (Rep.) [R-TX3]","male","SamsPressShop"
"63","NC-3","NC",3,"Rep.","2017-01-03","Republican","1943-02-10","Walter","B.","Jones","Jones, Walter (Rep.) [R-NC3]","male","RepWalterJones"
"64","OH-9","OH",9,"Rep.","2017-01-03","Democrat","1946-06-17","Marcy","","Kaptur","Kaptur, Marcy (Rep.) [D-OH9]","female","RepMarcyKaptur"
"65","WI-3","WI",3,"Rep.","2017-01-03","Democrat","1963-03-16","Ron","James","Kind","Kind, Ron (Rep.) [D-WI3]","male","RepRonKind"
"66","NY-2","NY",2,"Rep.","2017-01-03","Republican","1944-04-05","Peter","T.","King","King, Peter “Pete” (Rep.) [R-NY2]","male","RepPeteKing"
"67","IA-4","IA",4,"Rep.","2017-01-03","Republican","1949-05-28","Steve","A.","King","King, Steve (Rep.) [R-IA4]","male","SteveKingIA"
"68","MN-2","MN",2,"Rep.","2017-01-03","Republican","1947-09-06","John","Paul","Kline","Kline, John (Rep.) [R-MN2]","male","RepJohnKline"
"69","RI-2","RI",2,"Rep.","2017-01-03","Democrat","1964-04-22","James","R.","Langevin","Langevin, James “Jim” (Rep.) [D-RI2]","male","JimLangevin"
"70","WA-2","WA",2,"Rep.","2017-01-03","Democrat","1965-06-15","Rick","","Larsen","Larsen, Rick (Rep.) [D-WA2]","male","RepRickLarsen"
"71","CT-1","CT",1,"Rep.","2017-01-03","Democrat","1948-07-22","John","B.","Larson","Larson, John (Rep.) [D-CT1]","male","RepJohnLarson"
"72","CA-13","CA",13,"Rep.","2017-01-03","Democrat","1946-07-16","Barbara","","Lee","Lee, Barbara (Rep.) [D-CA13]","female","RepBarbaraLee"
"73","MI-9","MI",9,"Rep.","2017-01-03","Democrat","1931-09-06","Sander","M.","Levin","Levin, Sander (Rep.) [D-MI9]","male","RepSandyLevin"
"74","GA-5","GA",5,"Rep.","2017-01-03","Democrat","1940-02-21","John","R.","Lewis","Lewis, John (Rep.) [D-GA5]","male","RepJohnLewis"
"75","NJ-2","NJ",2,"Rep.","2017-01-03","Republican","1946-05-12","Frank","A.","LoBiondo","LoBiondo, Frank (Rep.) [R-NJ2]","male","RepLoBiondo"
"76","CA-19","CA",19,"Rep.","2017-01-03","Democrat","1947-12-21","Zoe","","Lofgren","Lofgren, Zoe (Rep.) [D-CA19]","female","RepZoeLofgren"
"77","NY-17","NY",17,"Rep.","2017-01-03","Democrat","1937-07-05","Nita","M.","Lowey","Lowey, Nita (Rep.) [D-NY17]","female","NitaLowey"
"78","OK-3","OK",3,"Rep.","2017-01-03","Republican","1960-01-06","Frank","D.","Lucas","Lucas, Frank (Rep.) [R-OK3]","male","RepFrankLucas"
"79","MA-8","MA",8,"Rep.","2017-01-03","Democrat","1955-03-31","Stephen","F.","Lynch","Lynch, Stephen (Rep.) [D-MA8]","male","RepStephenLynch"
"80","NY-12","NY",12,"Rep.","2017-01-03","Democrat","1946-02-19","Carolyn","B.","Maloney","Maloney, Carolyn (Rep.) [D-NY12]","female","RepMaloney"
"81","MN-4","MN",4,"Rep.","2017-01-03","Democrat","1954-07-12","Betty","Louise","McCollum","McCollum, Betty (Rep.) [D-MN4]","female","BettyMcCollum04"
"82","WA-7","WA",7,"Rep.","2017-01-03","Democrat","1936-12-28","Jim","A.","McDermott","McDermott, Jim (Rep.) [D-WA7]","male","RepJimMcDermott"
"83","MA-2","MA",2,"Rep.","2017-01-03","Democrat","1959-11-20","James","P.","McGovern","McGovern, James “Jim” (Rep.) [D-MA2]","male","RepMcGovern"
"84","NY-5","NY",5,"Rep.","2017-01-03","Democrat","1953-09-25","Gregory","W.","Meeks","Meeks, Gregory (Rep.) [D-NY5]","male","GregoryMeeks"
"85","FL-7","FL",7,"Rep.","2017-01-03","Republican","1943-01-27","John","L.","Mica","Mica, John (Rep.) [R-FL7]","male",NA
"86","MI-10","MI",10,"Rep.","2017-01-03","Republican","1954-05-07","Candice","S.","Miller","Miller, Candice (Rep.) [R-MI10]","female","CandiceMiller"
"87","FL-1","FL",1,"Rep.","2017-01-03","Republican","1959-06-27","Jeff","","Miller","Miller, Jeff (Rep.) [R-FL1]","male",NA
"88","PA-18","PA",18,"Rep.","2017-01-03","Republican","1952-09-11","Tim","","Murphy","Murphy, Tim (Rep.) [R-PA18]","male","RepTimMurphy"
"89","NY-10","NY",10,"Rep.","2017-01-03","Democrat","1947-06-13","Jerrold","L.","Nadler","Nadler, Jerrold (Rep.) [D-NY10]","male","RepJerryNadler"
"90","CA-32","CA",32,"Rep.","2017-01-03","Democrat","1936-12-04","Grace","F.","Napolitano","Napolitano, Grace (Rep.) [D-CA32]","female","GraceNapolitano"
"91","MA-1","MA",1,"Rep.","2017-01-03","Democrat","1949-02-14","Richard","E.","Neal","Neal, Richard (Rep.) [D-MA1]","male","RepRichardNeal"
"92","DC-0","DC",0,"Rep.","2017-01-03","Democrat","1937-06-13","Eleanor","Holmes","Norton","Norton, Eleanor (Rep.) [D-DC0]","female","EleanorNorton"
"93","CA-22","CA",22,"Rep.","2017-01-03","Republican","1973-10-01","Devin","G.","Nunes","Nunes, Devin (Rep.) [R-CA22]","male","Rep_DevinNunes"
"94","NJ-6","NJ",6,"Rep.","2017-01-03","Democrat","1951-10-30","Frank","J.","Pallone","Pallone, Frank (Rep.) [D-NJ6]","male","FrankPallone"
"95","NJ-9","NJ",9,"Rep.","2017-01-03","Democrat","1937-01-25","Bill","J.","Pascrell","Pascrell, Bill (Rep.) [D-NJ9]","male","BillPascrell"
"96","NM-2","NM",2,"Rep.","2017-01-03","Republican","1947-08-24","Stevan","E.","Pearce","Pearce, Stevan “Steve” (Rep.) [R-NM2]","male","RepStevePearce"
"97","CA-12","CA",12,"Rep.","2017-01-03","Democrat","1940-03-26","Nancy","","Pelosi","Pelosi, Nancy (Rep.) [D-CA12]","female","NancyPelosi"
"98","MN-7","MN",7,"Rep.","2017-01-03","Democrat","1944-06-29","Collin","Clark","Peterson","Peterson, Collin (Rep.) [D-MN7]","male",NA
"99","PA-16","PA",16,"Rep.","2017-01-03","Republican","1939-10-10","Joseph","R.","Pitts","Pitts, Joseph (Rep.) [R-PA16]","male","RepJoePitts"
"100","NC-4","NC",4,"Rep.","2017-01-03","Democrat","1940-08-17","David","E.","Price","Price, David (Rep.) [D-NC4]","male","RepDavidEPrice"
"101","NY-13","NY",13,"Rep.","2017-01-03","Democrat","1930-06-11","Charles","B.","Rangel","Rangel, Charles “Charlie” (Rep.) [D-NY13]","male","CBRangel"
"102","KY-5","KY",5,"Rep.","2017-01-03","Republican","1937-12-31","Harold","","Rogers","Rogers, Harold “Hal” (Rep.) [R-KY5]","male","RepHalRogers"
"103","AL-3","AL",3,"Rep.","2017-01-03","Republican","1958-07-16","Mike","","Rogers","Rogers, Mike (Rep.) [R-AL3]","male","RepMikeRogersAL"
"104","CA-48","CA",48,"Rep.","2017-01-03","Republican","1947-06-21","Dana","T.","Rohrabacher","Rohrabacher, Dana (Rep.) [R-CA48]","male",NA
"105","FL-27","FL",27,"Rep.","2017-01-03","Republican","1952-07-15","Ileana","","Ros-Lehtinen","Ros-Lehtinen, Ileana (Rep.) [R-FL27]","female","RosLehtinen"
"106","CA-40","CA",40,"Rep.","2017-01-03","Democrat","1941-06-12","Lucille","","Roybal-Allard","Roybal-Allard, Lucille (Rep.) [D-CA40]","female","RepRoybalAllard"
"107","CA-39","CA",39,"Rep.","2017-01-03","Republican","1951-10-12","Edward","R.","Royce","Royce, Edward “Ed” (Rep.) [R-CA39]","male","RepEdRoyce"
"108","MD-2","MD",2,"Rep.","2017-01-03","Democrat","1946-01-31","C.","A. Dutch","Ruppersberger","Ruppersberger, A. Dutch (Rep.) [D-MD2]","male","Call_Me_Dutch"
"109","IL-1","IL",1,"Rep.","2017-01-03","Democrat","1946-11-23","Bobby","L.","Rush","Rush, Bobby (Rep.) [D-IL1]","male","RepBobbyRush"
"110","WI-1","WI",1,"Rep.","2017-01-03","Republican","1970-01-29","Paul","D.","Ryan","Ryan, Paul (Rep.) [R-WI1]","male","RepPaulRyan"
"111","OH-13","OH",13,"Rep.","2017-01-03","Democrat","1973-07-16","Tim","J.","Ryan","Ryan, Tim (Rep.) [D-OH13]","male","RepTimRyan"
"112","CA-38","CA",38,"Rep.","2017-01-03","Democrat","1969-01-28","Linda","T.","Sánchez","Sánchez, Linda (Rep.) [D-CA38]","female","RepLindaSanchez"
"113","CA-46","CA",46,"Rep.","2017-01-03","Democrat","1960-01-07","Loretta","B.","Sanchez","Sanchez, Loretta (Rep.) [D-CA46]","female","LorettaSanchez"
"114","IL-9","IL",9,"Rep.","2017-01-03","Democrat","1944-05-26","Janice","D.","Schakowsky","Schakowsky, Janice “Jan” (Rep.) [D-IL9]","female","JanSchakowsky"
"115","CA-28","CA",28,"Rep.","2017-01-03","Democrat","1960-06-22","Adam","B.","Schiff","Schiff, Adam (Rep.) [D-CA28]","male","RepAdamSchiff"
"116","GA-13","GA",13,"Rep.","2017-01-03","Democrat","1945-06-27","David","","Scott","Scott, David (Rep.) [D-GA13]","male","RepDavidScott"
"117","VA-3","VA",3,"Rep.","2017-01-03","Democrat","1947-04-30","Robert","C.","Scott","Scott, Robert “Bobby” (Rep.) [D-VA3]","male","RepBobbyScott"
"118","WI-5","WI",5,"Rep.","2017-01-03","Republican","1943-06-14","F.","James","Sensenbrenner","Sensenbrenner, James (Rep.) [R-WI5]","male","JimPressOffice"
"119","NY-15","NY",15,"Rep.","2017-01-03","Democrat","1943-10-24","José","E.","Serrano","Serrano, José (Rep.) [D-NY15]","male","RepJoseSerrano"
"120","TX-32","TX",32,"Rep.","2017-01-03","Republican","1955-03-22","Pete","A.","Sessions","Sessions, Pete (Rep.) [R-TX32]","male","PeteSessions"
"121","CA-30","CA",30,"Rep.","2017-01-03","Democrat","1954-10-24","Brad","J.","Sherman","Sherman, Brad (Rep.) [D-CA30]","male","BradSherman"
"122","IL-15","IL",15,"Rep.","2017-01-03","Republican","1958-02-21","John","M.","Shimkus","Shimkus, John (Rep.) [R-IL15]","male","RepShimkus"
"123","ID-2","ID",2,"Rep.","2017-01-03","Republican","1950-09-08","Michael","K.","Simpson","Simpson, Michael “Mike” (Rep.) [R-ID2]","male","CongMikeSimpson"
"124","NY-25","NY",25,"Rep.","2017-01-03","Democrat","1929-08-14","Louise","McIntosh","Slaughter","Slaughter, Louise (Rep.) [D-NY25]","female","LouiseSlaughter"
"125","WA-9","WA",9,"Rep.","2017-01-03","Democrat","1965-06-15","Adam","","Smith","Smith, Adam (Rep.) [D-WA9]","male","RepAdamSmith"
"126","NJ-4","NJ",4,"Rep.","2017-01-03","Republican","1953-03-04","Christopher","H.","Smith","Smith, Christopher “Chris” (Rep.) [R-NJ4]","male","RepChrisSmith"
"127","TX-21","TX",21,"Rep.","2017-01-03","Republican","1947-11-19","Lamar","S.","Smith","Smith, Lamar (Rep.) [R-TX21]","male","LamarSmithTX21"
"128","MS-2","MS",2,"Rep.","2017-01-03","Democrat","1948-01-28","Bennie","G.","Thompson","Thompson, Bennie (Rep.) [D-MS2]","male","BennieGThompson"
"129","CA-5","CA",5,"Rep.","2017-01-03","Democrat","1951-01-24","Mike","Michael","Thompson","Thompson, Mike (Rep.) [D-CA5]","male","RepThompson"
"130","TX-13","TX",13,"Rep.","2017-01-03","Republican","1958-07-15","Mac","M.","Thornberry","Thornberry, Mac (Rep.) [R-TX13]","male","MacTXPress"
"131","OH-12","OH",12,"Rep.","2017-01-03","Republican","1962-10-21","Patrick","J.","Tiberi","Tiberi, Patrick “Pat” (Rep.) [R-OH12]","male","TiberiPress"
"132","OH-10","OH",10,"Rep.","2017-01-03","Republican","1960-01-11","Michael","R.","Turner","Turner, Michael (Rep.) [R-OH10]","male","RepMikeTurner"
"133","MI-6","MI",6,"Rep.","2017-01-03","Republican","1953-04-23","Fred","Stephen","Upton","Upton, Fred (Rep.) [R-MI6]","male","RepFredUpton"
"134","MD-8","MD",8,"Rep.","2017-01-03","Democrat","1959-01-10","Chris","","Van Hollen","Van Hollen, Chris (Rep.) [D-MD8]","male","ChrisVanHollen"
"135","NY-7","NY",7,"Rep.","2017-01-03","Democrat","1953-03-28","Nydia","M.","Velázquez","Velázquez, Nydia (Rep.) [D-NY7]","female","NydiaVelazquez"
"136","IN-1","IN",1,"Rep.","2017-01-03","Democrat","1949-08-13","Peter","J.","Visclosky","Visclosky, Peter (Rep.) [D-IN1]","male","RepVisclosky"
"137","OR-2","OR",2,"Rep.","2017-01-03","Republican","1957-01-10","Greg","P.","Walden","Walden, Greg (Rep.) [R-OR2]","male","RepGregWalden"
"138","CA-43","CA",43,"Rep.","2017-01-03","Democrat","1938-08-15","Maxine","","Waters","Waters, Maxine (Rep.) [D-CA43]","female","MaxineWaters"
"139","KY-1","KY",1,"Rep.","2017-01-03","Republican","1943-05-25","Ed","","Whitfield","Whitfield, Ed (Rep.) [R-KY1]","male","RepEdWhitfield"
"140","SC-2","SC",2,"Rep.","2017-01-03","Republican","1947-07-31","Joe","G.","Wilson","Wilson, Joe (Rep.) [R-SC2]","male","RepJoeWilson"
"141","AK-0","AK",0,"Rep.","2017-01-03","Republican","1933-06-09","Don","E.","Young","Young, Don (Rep.) [R-AK0]","male","RepDonYoung"
"142","TX-19","TX",19,"Rep.","2017-01-03","Republican","1949-12-24","Randy","","Neugebauer","Neugebauer, Randy (Rep.) [R-TX19]","male","RandyNeugebauer"
"143","AZ-5","AZ",5,"Rep.","2017-01-03","Republican","1958-01-21","Matt","","Salmon","Salmon, Matt (Rep.) [R-AZ5]","male","RepMattSalmon"
"144","SC-1","SC",1,"Rep.","2017-01-03","Republican","1960-05-28","Marshall","","Sanford","Sanford, Marshall “Mark” (Rep.) [R-SC1]","male","RepSanfordSC"
"145","NC-1","NC",1,"Rep.","2017-01-03","Democrat","1947-04-27","George","Kenneth","Butterfield","Butterfield, George “G.K.” (Rep.) [D-NC1]","male","GKButterfield"
"146","CA-16","CA",16,"Rep.","2017-01-03","Democrat","1952-04-13","Jim","","Costa","Costa, Jim (Rep.) [D-CA16]","male","RepJimCosta"
"147","FL-23","FL",23,"Rep.","2017-01-03","Democrat","1966-09-27","Debbie","","Wasserman Schultz","Wasserman Schultz, Debbie (Rep.) [D-FL23]","female","RepDWStweets"
"148","GA-6","GA",6,"Rep.","2017-01-03","Republican","1954-10-08","Tom","","Price","Price, Tom (Rep.) [R-GA6]","male","RepTomPrice"
"149","GA-3","GA",3,"Rep.","2017-01-03","Republican","1950-04-02","Lynn","A.","Westmoreland","Westmoreland, Lynn (Rep.) [R-GA3]","male","RepWestmoreland"
"150","IL-3","IL",3,"Rep.","2017-01-03","Democrat","1966-07-15","Daniel","William","Lipinski","Lipinski, Daniel (Rep.) [D-IL3]","male","RepLipinski"
"151","LA-3","LA",3,"Rep.","2017-01-03","Republican","1956-02-21","Charles","W.","Boustany","Boustany, Charles (Rep.) [R-LA3]","male","RepBoustany"
"152","MO-5","MO",5,"Rep.","2017-01-03","Democrat","1944-10-26","Emanuel","","Cleaver","Cleaver, Emanuel (Rep.) [D-MO5]","male","RepCleaver"
"153","NE-1","NE",1,"Rep.","2017-01-03","Republican","1960-12-27","Jeff","Lane","Fortenberry","Fortenberry, Jeff (Rep.) [R-NE1]","male","JeffFortenberry"
"154","NY-26","NY",26,"Rep.","2017-01-03","Democrat","1959-10-06","Brian","M.","Higgins","Higgins, Brian (Rep.) [D-NY26]","male","RepBrianHiggins"
"155","NC-5","NC",5,"Rep.","2017-01-03","Republican","1943-06-29","Virginia","","Foxx","Foxx, Virginia (Rep.) [R-NC5]","female","VirginiaFoxx"
"156","NC-10","NC",10,"Rep.","2017-01-03","Republican","1975-10-22","Patrick","T.","McHenry","McHenry, Patrick (Rep.) [R-NC10]","male","PatrickMcHenry"
"157","PA-8","PA",8,"Rep.","2017-01-03","Republican","1963-06-28","Michael","G.","Fitzpatrick","Fitzpatrick, Michael (Rep.) [R-PA8]","male","RepFitzpatrick"
"158","PA-15","PA",15,"Rep.","2017-01-03","Republican","1960-05-24","Charles","W.","Dent","Dent, Charles (Rep.) [R-PA15]","male",NA
"159","TX-1","TX",1,"Rep.","2017-01-03","Republican","1953-08-18","Louie","B.","Gohmert","Gohmert, Louie (Rep.) [R-TX1]","male","RepLouieGohmert"
"160","TX-2","TX",2,"Rep.","2017-01-03","Republican","1948-09-10","Ted","","Poe","Poe, Ted (Rep.) [R-TX2]","male","JudgeTedPoe"
"161","TX-9","TX",9,"Rep.","2017-01-03","Democrat","1947-09-01","Al","","Green","Green, Al (Rep.) [D-TX9]","male","RepAlGreen"
"162","TX-10","TX",10,"Rep.","2017-01-03","Republican","1962-01-14","Michael","T.","McCaul","McCaul, Michael (Rep.) [R-TX10]","male","McCaulPressShop"
"163","TX-11","TX",11,"Rep.","2017-01-03","Republican","1948-06-11","K.","Michael","Conaway","Conaway, Michael (Rep.) [R-TX11]","male","ConawayTX11"
"164","TX-24","TX",24,"Rep.","2017-01-03","Republican","1951-02-23","Kenny","Ewell","Marchant","Marchant, Kenny (Rep.) [R-TX24]","male","RepKenMarchant"
"165","TX-28","TX",28,"Rep.","2017-01-03","Democrat","1955-09-19","Henry","","Cuellar","Cuellar, Henry (Rep.) [D-TX28]","male","RepCuellar"
"166","WA-5","WA",5,"Rep.","2017-01-03","Republican","1969-05-22","Cathy","","McMorris Rodgers","McMorris Rodgers, Cathy (Rep.) [R-WA5]","female","CathyMcMorris"
"167","WA-8","WA",8,"Rep.","2017-01-03","Republican","1950-08-29","David","G.","Reichert","Reichert, David (Rep.) [R-WA8]","male","DaveReichert"
"168","WI-4","WI",4,"Rep.","2017-01-03","Democrat","1951-04-18","Gwen","","Moore","Moore, Gwen (Rep.) [D-WI4]","female","RepGwenMoore"
"169","CA-6","CA",6,"Rep.","2017-01-03","Democrat","1944-09-25","Doris","O.","Matsui","Matsui, Doris (Rep.) [D-CA6]","female","DorisMatsui"
"170","MN-8","MN",8,"Rep.","2017-01-03","Democrat","1943-12-17","Richard","M.","Nolan","Nolan, Richard (Rep.) [D-MN8]","male","USRepRickNolan"
"171","PA-9","PA",9,"Rep.","2017-01-03","Republican","1961-01-10","Bill","","Shuster","Shuster, Bill (Rep.) [R-PA9]","male","RepBillShuster"
"172","NJ-8","NJ",8,"Rep.","2017-01-03","Democrat","1951-01-26","Albio","","Sires","Sires, Albio (Rep.) [D-NJ8]","male","Rep_Albio_Sires"
"173","CA-9","CA",9,"Rep.","2017-01-03","Democrat","1951-06-18","Jerry","","McNerney","McNerney, Jerry (Rep.) [D-CA9]","male","RepMcNerney"
"174","CA-23","CA",23,"Rep.","2017-01-03","Republican","1965-01-26","Kevin","","McCarthy","McCarthy, Kevin (Rep.) [R-CA23]","male","GOPLeader"
"175","CO-5","CO",5,"Rep.","2017-01-03","Republican","1954-05-24","Doug","","Lamborn","Lamborn, Doug (Rep.) [R-CO5]","male","RepDLamborn"
"176","CO-7","CO",7,"Rep.","2017-01-03","Democrat","1953-05-01","Ed","","Perlmutter","Perlmutter, Ed (Rep.) [D-CO7]","male","RepPerlmutter"
"177","CT-2","CT",2,"Rep.","2017-01-03","Democrat","1953-04-06","Joe","","Courtney","Courtney, Joe (Rep.) [D-CT2]","male","RepJoeCourtney"
"178","FL-14","FL",14,"Rep.","2017-01-03","Democrat","1966-08-20","Kathy","","Castor","Castor, Kathy (Rep.) [D-FL14]","female","USRepKCastor"
"179","FL-16","FL",16,"Rep.","2017-01-03","Republican","1951-05-08","Vern","","Buchanan","Buchanan, Vern (Rep.) [R-FL16]","male","VernBuchanan"
"180","GA-4","GA",4,"Rep.","2017-01-03","Democrat","1954-10-02","Henry","C.","Johnson","Johnson, Henry “Hank” (Rep.) [D-GA4]","male","RepHankJohnson"
"181","IL-6","IL",6,"Rep.","2017-01-03","Republican","1961-09-13","Peter","J.","Roskam","Roskam, Peter (Rep.) [R-IL6]","male","PeterRoskam"
"182","IA-2","IA",2,"Rep.","2017-01-03","Democrat","1952-12-23","David","","Loebsack","Loebsack, David (Rep.) [D-IA2]","male","DaveLoebsack"
"183","KY-3","KY",3,"Rep.","2017-01-03","Democrat","1947-11-04","John","A.","Yarmuth","Yarmuth, John (Rep.) [D-KY3]","male","RepJohnYarmuth"
"184","MD-3","MD",3,"Rep.","2017-01-03","Democrat","1962-05-22","John","P.","Sarbanes","Sarbanes, John (Rep.) [D-MD3]","male","RepSarbanes"
"185","MI-7","MI",7,"Rep.","2017-01-03","Republican","1951-04-12","Tim","","Walberg","Walberg, Tim (Rep.) [R-MI7]","male","RepWalberg"
"186","MN-1","MN",1,"Rep.","2017-01-03","Democrat","1964-04-06","Timothy","James","Walz","Walz, Timothy (Rep.) [D-MN1]","male","RepTimWalz"
"187","MN-5","MN",5,"Rep.","2017-01-03","Democrat","1963-08-04","Keith","Maurice","Ellison","Ellison, Keith (Rep.) [D-MN5]","male","KeithEllison"
"188","NE-3","NE",3,"Rep.","2017-01-03","Republican","1970-12-19","Adrian","","Smith","Smith, Adrian (Rep.) [R-NE3]","male","RepAdrianSmith"
"189","NY-9","NY",9,"Rep.","2017-01-03","Democrat","1964-11-21","Yvette","D.","Clarke","Clarke, Yvette (Rep.) [D-NY9]","female","YvetteClarke"
"190","OH-4","OH",4,"Rep.","2017-01-03","Republican","1964-02-17","Jim","","Jordan","Jordan, Jim (Rep.) [R-OH4]","male","Jim_Jordan"
"191","TN-9","TN",9,"Rep.","2017-01-03","Democrat","1949-05-24","Steve","","Cohen","Cohen, Steve (Rep.) [D-TN9]","male","RepCohen"
"192","VT-0","VT",0,"Rep.","2017-01-03","Democrat","1947-05-02","Peter","","Welch","Welch, Peter (Rep.) [D-VT0]","male","PeterWelch"
"193","FL-12","FL",12,"Rep.","2017-01-03","Republican","1963-02-08","Gus","M.","Bilirakis","Bilirakis, Gus (Rep.) [R-FL12]","male","RepGusBilirakis"
"194","MA-3","MA",3,"Rep.","2017-01-03","Democrat","1946-04-26","Niki","S.","Tsongas","Tsongas, Niki (Rep.) [D-MA3]","female","NikiInTheHouse"
"195","VA-1","VA",1,"Rep.","2017-01-03","Republican","1959-02-03","Robert","J.","Wittman","Wittman, Robert (Rep.) [R-VA1]","male","RobWittman"
"196","OH-5","OH",5,"Rep.","2017-01-03","Republican","1956-04-18","Robert","E.","Latta","Latta, Robert (Rep.) [R-OH5]","male","BobLatta"
"197","IL-11","IL",11,"Rep.","2017-01-03","Democrat","1955-10-07","Bill","","Foster","Foster, Bill (Rep.) [D-IL11]","male","RepBillFoster"
"198","IN-7","IN",7,"Rep.","2017-01-03","Democrat","1974-10-16","André","","Carson","Carson, André (Rep.) [D-IN7]","male","RepAndreCarson"
"199","CA-14","CA",14,"Rep.","2017-01-03","Democrat","1950-05-14","Jackie","","Speier","Speier, Jackie (Rep.) [D-CA14]","female","RepSpeier"
"200","LA-1","LA",1,"Rep.","2017-01-03","Republican","1965-10-06","Steve","Joseph","Scalise","Scalise, Steve (Rep.) [R-LA1]","male","SteveScalise"
"201","MD-4","MD",4,"Rep.","2017-01-03","Democrat","1958-06-28","Donna","F.","Edwards","Edwards, Donna (Rep.) [D-MD4]","female","RepDonnaEdwards"
"202","UT-3","UT",3,"Rep.","2017-01-03","Republican","1967-03-26","Jason","","Chaffetz","Chaffetz, Jason (Rep.) [R-UT3]","male","JasonInTheHouse"
"203","CO-6","CO",6,"Rep.","2017-01-03","Republican","1955-03-19","Mike","","Coffman","Coffman, Mike (Rep.) [R-CO6]","male","RepMikeCoffman"
"204","VA-11","VA",11,"Rep.","2017-01-03","Democrat","1950-03-30","Gerald","E.","Connolly","Connolly, Gerald (Rep.) [D-VA11]","male","GerryConnolly"
"205","LA-4","LA",4,"Rep.","2017-01-03","Republican","1951-07-05","John","","Fleming","Fleming, John (Rep.) [R-LA4]","male","RepFleming"
"206","FL-9","FL",9,"Rep.","2017-01-03","Democrat","1958-03-13","Alan","","Grayson","Grayson, Alan (Rep.) [D-FL9]","male",NA
"207","KY-2","KY",2,"Rep.","2017-01-03","Republican","1964-02-18","Brett","","Guthrie","Guthrie, Brett (Rep.) [R-KY2]","male","RepGuthrie"
"208","MS-3","MS",3,"Rep.","2017-01-03","Republican","1956-06-01","Gregg","","Harper","Harper, Gregg (Rep.) [R-MS3]","male","GreggHarper"
"209","CT-4","CT",4,"Rep.","2017-01-03","Democrat","1966-07-05","James","A.","Himes","Himes, James (Rep.) [D-CT4]","male","JAHimes"
"210","CA-50","CA",50,"Rep.","2017-01-03","Republican","1976-12-07","Duncan","D.","Hunter","Hunter, Duncan (Rep.) [R-CA50]","male","Rep_Hunter"
"211","KS-2","KS",2,"Rep.","2017-01-03","Republican","1963-06-10","Lynn","","Jenkins","Jenkins, Lynn (Rep.) [R-KS2]","female","RepLynnJenkins"
"212","AZ-1","AZ",1,"Rep.","2017-01-03","Democrat","1950-03-24","Ann","","Kirkpatrick","Kirkpatrick, Ann (Rep.) [D-AZ1]","female","RepKirkpatrick"
"213","NJ-7","NJ",7,"Rep.","2017-01-03","Republican","1952-06-25","Leonard","","Lance","Lance, Leonard (Rep.) [R-NJ7]","male","RepLanceNJ7"
"214","MO-3","MO",3,"Rep.","2017-01-03","Republican","1952-05-07","Blaine","","Luetkemeyer","Luetkemeyer, Blaine (Rep.) [R-MO3]","male","RepBlainePress"
"215","NM-3","NM",3,"Rep.","2017-01-03","Democrat","1972-06-07","Ben","Ray","Luján","Luján, Ben (Rep.) [D-NM3]","male","RepBenRayLujan"
"216","WY-0","WY",0,"Rep.","2017-01-03","Republican","1954-09-10","Cynthia","M.","Lummis","Lummis, Cynthia (Rep.) [R-WY0]","female","CynthiaLummis"
"217","CA-4","CA",4,"Rep.","2017-01-03","Republican","1956-07-10","Tom","","McClintock","McClintock, Tom (Rep.) [R-CA4]","male","RepMcClintock"
"218","TX-22","TX",22,"Rep.","2017-01-03","Republican","1962-12-09","Pete","","Olson","Olson, Pete (Rep.) [R-TX22]","male","OlsonPressShop"
"219","MN-3","MN",3,"Rep.","2017-01-03","Republican","1965-05-14","Erik","","Paulsen","Paulsen, Erik (Rep.) [R-MN3]","male","RepErikPaulsen"
"220","ME-1","ME",1,"Rep.","2017-01-03","Democrat","1955-04-02","Chellie","","Pingree","Pingree, Chellie (Rep.) [D-ME1]","female","ChelliePingree"
"221","CO-2","CO",2,"Rep.","2017-01-03","Democrat","1975-05-12","Jared","","Polis","Polis, Jared (Rep.) [D-CO2]","male","JaredPolis"
"222","FL-8","FL",8,"Rep.","2017-01-03","Republican","1947-12-18","Bill","","Posey","Posey, Bill (Rep.) [R-FL8]","male","CongBillPosey"
"223","TN-1","TN",1,"Rep.","2017-01-03","Republican","1945-07-21","David","P.","Roe","Roe, David “Phil” (Rep.) [R-TN1]","male","DrPhilRoe"
"224","FL-17","FL",17,"Rep.","2017-01-03","Republican","1970-11-21","Thomas","J.","Rooney","Rooney, Thomas (Rep.) [R-FL17]","male","TomRooney"
"225","MP-0","MP",0,"Rep.","2017-01-03","Independent","1955-01-19","Gregorio","Kilili Camacho","Sablan","Sablan, Gregorio (Rep.) [I-MP0]","male",NA
"226","OR-5","OR",5,"Rep.","2017-01-03","Democrat","1951-10-19","Kurt","","Schrader","Schrader, Kurt (Rep.) [D-OR5]","male","RepSchrader"
"227","PA-5","PA",5,"Rep.","2017-01-03","Republican","1959-07-27","Glenn","","Thompson","Thompson, Glenn (Rep.) [R-PA5]","male","CongressmanGT"
"228","NV-1","NV",1,"Rep.","2017-01-03","Democrat","1950-05-23","Dina","","Titus","Titus, Dina (Rep.) [D-NV1]","female","RepDinaTitus"
"229","NY-20","NY",20,"Rep.","2017-01-03","Democrat","1949-06-18","Paul","","Tonko","Tonko, Paul (Rep.) [D-NY20]","male","RepPaulTonko"
"230","OH-11","OH",11,"Rep.","2017-01-03","Democrat","1952-10-29","Marcia","L.","Fudge","Fudge, Marcia (Rep.) [D-OH11]","female","RepMarciaFudge"
"231","IL-5","IL",5,"Rep.","2017-01-03","Democrat","1958-10-17","Mike","","Quigley","Quigley, Mike (Rep.) [D-IL5]","male","RepMikeQuigley"
"232","CA-27","CA",27,"Rep.","2017-01-03","Democrat","1953-07-07","Judy","M.","Chu","Chu, Judy (Rep.) [D-CA27]","female","RepJudyChu"
"233","CA-3","CA",3,"Rep.","2017-01-03","Democrat","1945-01-24","John","","Garamendi","Garamendi, John (Rep.) [D-CA3]","male","RepGaramendi"
"234","FL-21","FL",21,"Rep.","2017-01-03","Democrat","1966-05-07","Theodore","E.","Deutch","Deutch, Theodore (Rep.) [D-FL21]","male","RepTedDeutch"
"235","GA-14","GA",14,"Rep.","2017-01-03","Republican","1970-02-03","Tom","","Graves","Graves, Tom (Rep.) [R-GA14]","male","RepTomGraves"
"236","IN-3","IN",3,"Rep.","2017-01-03","Republican","1976-08-31","Marlin","A.","Stutzman","Stutzman, Marlin (Rep.) [R-IN3]","male","RepStutzman"
"237","NY-23","NY",23,"Rep.","2017-01-03","Republican","1971-11-18","Tom","W.","Reed","Reed, Tom (Rep.) [R-NY23]","male","RepTomReed"
"238","AL-2","AL",2,"Rep.","2017-01-03","Republican","1976-07-27","Martha","","Roby","Roby, Martha (Rep.) [R-AL2]","female","RepMarthaRoby"
"239","AL-5","AL",5,"Rep.","2017-01-03","Republican","1954-04-29","Mo","","Brooks","Brooks, Mo (Rep.) [R-AL5]","male","RepMoBrooks"
"240","AL-7","AL",7,"Rep.","2017-01-03","Democrat","1965-01-01","Terri","A.","Sewell","Sewell, Terri (Rep.) [D-AL7]","female","RepTerriSewell"
"241","AZ-4","AZ",4,"Rep.","2017-01-03","Republican","1958-11-22","Paul","A.","Gosar","Gosar, Paul (Rep.) [R-AZ4]","male","RepGosar"
"242","AZ-6","AZ",6,"Rep.","2017-01-03","Republican","1962-03-03","David","","Schweikert","Schweikert, David (Rep.) [R-AZ6]","male","RepDavid"
"243","AR-1","AR",1,"Rep.","2017-01-03","Republican","1966-01-22","Eric","A.","Crawford","Crawford, Eric “Rick” (Rep.) [R-AR1]","male","RepRickCrawford"
"244","AR-3","AR",3,"Rep.","2017-01-03","Republican","1957-02-18","Steve","","Womack","Womack, Steve (Rep.) [R-AR3]","male","Rep_SteveWomack"
"245","CA-10","CA",10,"Rep.","2017-01-03","Republican","1967-07-29","Jeff","","Denham","Denham, Jeff (Rep.) [R-CA10]","male","RepJeffDenham"
"246","CA-37","CA",37,"Rep.","2017-01-03","Democrat","1953-10-03","Karen","","Bass","Bass, Karen (Rep.) [D-CA37]","female","RepKarenBass"
"247","CO-3","CO",3,"Rep.","2017-01-03","Republican","1956-11-09","Scott","R.","Tipton","Tipton, Scott (Rep.) [R-CO3]","male","RepTipton"
"248","DE-0","DE",0,"Rep.","2017-01-03","Democrat","1956-05-20","John","C.","Carney","Carney, John (Rep.) [D-DE0]","male","JohnCarneyde"
"249","FL-11","FL",11,"Rep.","2017-01-03","Republican","1951-05-26","Richard","B.","Nugent","Nugent, Richard (Rep.) [R-FL11]","male","RepRichNugent"
"250","FL-10","FL",10,"Rep.","2017-01-03","Republican","1949-04-27","Daniel","","Webster","Webster, Daniel (Rep.) [R-FL10]","male","RepWebster"
"251","FL-15","FL",15,"Rep.","2017-01-03","Republican","1959-10-18","Dennis","A.","Ross","Ross, Dennis (Rep.) [R-FL15]","male","RepDennisRoss"
"252","FL-24","FL",24,"Rep.","2017-01-03","Democrat","1942-11-05","Frederica","S.","Wilson","Wilson, Frederica (Rep.) [D-FL24]","female","RepWilson"
"253","GA-7","GA",7,"Rep.","2017-01-03","Republican","1970-02-11","Rob","","Woodall","Woodall, Rob (Rep.) [R-GA7]","male",NA
"254","GA-8","GA",8,"Rep.","2017-01-03","Republican","1969-12-10","Austin","","Scott","Scott, Austin (Rep.) [R-GA8]","male","AustinScottGA08"
"255","ID-1","ID",1,"Rep.","2017-01-03","Republican","1967-12-08","Raúl","R.","Labrador","Labrador, Raúl (Rep.) [R-ID1]","male","Raul_Labrador"
"256","IL-10","IL",10,"Rep.","2017-01-03","Republican","1969-06-23","Bob","","Dold","Dold, Bob (Rep.) [R-IL10]","male",NA
"257","IL-16","IL",16,"Rep.","2017-01-03","Republican","1978-02-27","Adam","","Kinzinger","Kinzinger, Adam (Rep.) [R-IL16]","male","RepKinzinger"
"258","IL-14","IL",14,"Rep.","2017-01-03","Republican","1966-03-01","Randy","","Hultgren","Hultgren, Randy (Rep.) [R-IL14]","male","RepHultgren"
"259","IN-4","IN",4,"Rep.","2017-01-03","Republican","1970-02-09","Todd","","Rokita","Rokita, Todd (Rep.) [R-IN4]","male","ToddRokita"
"260","IN-8","IN",8,"Rep.","2017-01-03","Republican","1962-05-31","Larry","","Bucshon","Bucshon, Larry (Rep.) [R-IN8]","male","RepLarryBucshon"
"261","IN-9","IN",9,"Rep.","2017-01-03","Republican","1972-08-24","Todd","C.","Young","Young, Todd (Rep.) [R-IN9]","male","RepToddYoung"
"262","KS-1","KS",1,"Rep.","2017-01-03","Republican","1968-11-11","Tim","","Huelskamp","Huelskamp, Tim (Rep.) [R-KS1]","male","CongHuelskamp"
"263","KS-3","KS",3,"Rep.","2017-01-03","Republican","1976-01-08","Kevin","","Yoder","Yoder, Kevin (Rep.) [R-KS3]","male","RepKevinYoder"
"264","KS-4","KS",4,"Rep.","2017-01-03","Republican","1963-12-30","Mike","","Pompeo","Pompeo, Mike (Rep.) [R-KS4]","male","RepMikePompeo"
"265","LA-2","LA",2,"Rep.","2017-01-03","Democrat","1973-09-13","Cedric","L.","Richmond","Richmond, Cedric (Rep.) [D-LA2]","male","RepRichmond"
"266","MD-1","MD",1,"Rep.","2017-01-03","Republican","1957-01-25","Andy","","Harris","Harris, Andy (Rep.) [R-MD1]","male","RepAndyHarrisMD"
"267","MA-9","MA",9,"Rep.","2017-01-03","Democrat","1952-09-06","William","R.","Keating","Keating, William (Rep.) [D-MA9]","male","USRepKeating"
"268","MI-1","MI",1,"Rep.","2017-01-03","Republican","1952-04-20","Dan","","Benishek","Benishek, Dan (Rep.) [R-MI1]","male","CongressmanDan"
"269","MI-2","MI",2,"Rep.","2017-01-03","Republican","1969-01-31","Bill","","Huizenga","Huizenga, Bill (Rep.) [R-MI2]","male","RepHuizenga"
"270","MI-3","MI",3,"Rep.","2017-01-03","Republican","1980-04-18","Justin","","Amash","Amash, Justin (Rep.) [R-MI3]","male",NA
"271","MS-4","MS",4,"Rep.","2017-01-03","Republican","1970-02-21","Steven","M.","Palazzo","Palazzo, Steven (Rep.) [R-MS4]","male","CongPalazzo"
"272","MO-4","MO",4,"Rep.","2017-01-03","Republican","1960-10-13","Vicky","","Hartzler","Hartzler, Vicky (Rep.) [R-MO4]","female","RepHartzler"
"273","MO-7","MO",7,"Rep.","2017-01-03","Republican","1955-08-11","Billy","","Long","Long, Billy (Rep.) [R-MO7]","male","USRepLong"
"274","NV-3","NV",3,"Rep.","2017-01-03","Republican","1961-10-30","Joseph","J.","Heck","Heck, Joseph (Rep.) [R-NV3]","male","RepJoeHeck"
"275","NH-1","NH",1,"Rep.","2017-01-03","Republican","1970-09-26","Frank","","Guinta","Guinta, Frank (Rep.) [R-NH1]","male","RepFrankGuinta"
"276","NY-19","NY",19,"Rep.","2017-01-03","Republican","1964-05-13","Christopher","P.","Gibson","Gibson, Christopher (Rep.) [R-NY19]","male","RepChrisGibson"
"277","NY-22","NY",22,"Rep.","2017-01-03","Republican","1951-01-25","Richard","L.","Hanna","Hanna, Richard (Rep.) [R-NY22]","male","RepRichardHanna"
"278","NC-2","NC",2,"Rep.","2017-01-03","Republican","1964-02-09","Renee","L.","Ellmers","Ellmers, Renee (Rep.) [R-NC2]","female","RepReneeEllmers"
"279","OH-6","OH",6,"Rep.","2017-01-03","Republican","1954-11-10","Bill","","Johnson","Johnson, Bill (Rep.) [R-OH6]","male","RepBillJohnson"
"280","OH-15","OH",15,"Rep.","2017-01-03","Republican","1965-03-24","Steve","","Stivers","Stivers, Steve (Rep.) [R-OH15]","male","RepSteveStivers"
"281","OH-16","OH",16,"Rep.","2017-01-03","Republican","1958-12-03","James","B.","Renacci","Renacci, James (Rep.) [R-OH16]","male","RepJimRenacci"
"282","OH-7","OH",7,"Rep.","2017-01-03","Republican","1954-06-14","Bob","","Gibbs","Gibbs, Bob (Rep.) [R-OH7]","male","RepBobGibbs"
"283","PA-3","PA",3,"Rep.","2017-01-03","Republican","1948-05-10","Mike","","Kelly","Kelly, Mike (Rep.) [R-PA3]","male","MikeKellyPA"
"284","PA-7","PA",7,"Rep.","2017-01-03","Republican","1955-10-20","Patrick","","Meehan","Meehan, Patrick (Rep.) [R-PA7]","male","RepMeehan"
"285","PA-10","PA",10,"Rep.","2017-01-03","Republican","1952-08-15","Tom","","Marino","Marino, Tom (Rep.) [R-PA10]","male","RepTomMarino"
"286","PA-11","PA",11,"Rep.","2017-01-03","Republican","1956-01-28","Lou","","Barletta","Barletta, Lou (Rep.) [R-PA11]","male","RepLouBarletta"
"287","RI-1","RI",1,"Rep.","2017-01-03","Democrat","1961-07-15","David","N.","Cicilline","Cicilline, David (Rep.) [D-RI1]","male","RepCicilline"
"288","SC-3","SC",3,"Rep.","2017-01-03","Republican","1966-01-07","Jeff","","Duncan","Duncan, Jeff (Rep.) [R-SC3]","male","RepJeffDuncan"
"289","SC-4","SC",4,"Rep.","2017-01-03","Republican","1964-08-22","Trey","","Gowdy","Gowdy, Trey (Rep.) [R-SC4]","male","TGowdySC"
"290","SC-5","SC",5,"Rep.","2017-01-03","Republican","1967-07-21","Mick","","Mulvaney","Mulvaney, Mick (Rep.) [R-SC5]","male","RepMickMulvaney"
"291","SD-0","SD",0,"Rep.","2017-01-03","Republican","1971-11-30","Kristi","L.","Noem","Noem, Kristi (Rep.) [R-SD0]","female","RepKristiNoem"
"292","TN-3","TN",3,"Rep.","2017-01-03","Republican","1962-10-11","Charles","J.","Fleischmann","Fleischmann, Charles “Chuck” (Rep.) [R-TN3]","male","RepChuck"
"293","TN-4","TN",4,"Rep.","2017-01-03","Republican","1964-02-21","Scott","","DesJarlais","DesJarlais, Scott (Rep.) [R-TN4]","male","DesJarlaisTN04"
"294","TN-6","TN",6,"Rep.","2017-01-03","Republican","1951-01-16","Diane","","Black","Black, Diane (Rep.) [R-TN6]","female","RepDianeBlack"
"295","TN-8","TN",8,"Rep.","2017-01-03","Republican","1973-02-07","Stephen","Lee","Fincher","Fincher, Stephen (Rep.) [R-TN8]","male","RepFincherTN08"
"296","TX-17","TX",17,"Rep.","2017-01-03","Republican","1954-02-25","Bill","","Flores","Flores, Bill (Rep.) [R-TX17]","male","RepBillFlores"
"297","TX-27","TX",27,"Rep.","2017-01-03","Republican","1961-12-12","Blake","","Farenthold","Farenthold, Blake (Rep.) [R-TX27]","male","Farenthold"
"298","VA-2","VA",2,"Rep.","2017-01-03","Republican","1960-05-28","Edward","Scott","Rigell","Rigell, Edward “Scott” (Rep.) [R-VA2]","male","RepScottRigell"
"299","VA-5","VA",5,"Rep.","2017-01-03","Republican","1969-06-16","Robert","","Hurt","Hurt, Robert (Rep.) [R-VA5]","male","RepRobertHurt"
"300","VA-9","VA",9,"Rep.","2017-01-03","Republican","1958-03-15","H.","Morgan","Griffith","Griffith, Morgan (Rep.) [R-VA9]","male","RepMGriffith"
"301","WA-3","WA",3,"Rep.","2017-01-03","Republican","1978-11-03","Jaime","","Herrera Beutler","Herrera Beutler, Jaime (Rep.) [R-WA3]","female","HerreraBeutler"
"302","WV-1","WV",1,"Rep.","2017-01-03","Republican","1947-03-28","David","B.","McKinley","McKinley, David (Rep.) [R-WV1]","male","RepMcKinley"
"303","WI-7","WI",7,"Rep.","2017-01-03","Republican","1971-10-03","Sean","P.","Duffy","Duffy, Sean (Rep.) [R-WI7]","male","RepSeanDuffy"
"304","WI-8","WI",8,"Rep.","2017-01-03","Republican","1956-04-05","Reid","J.","Ribble","Ribble, Reid (Rep.) [R-WI8]","male","RepRibble"
"305","CA-44","CA",44,"Rep.","2017-01-03","Democrat","1952-03-30","Janice","","Hahn","Hahn, Janice (Rep.) [D-CA44]","female","Rep_JaniceHahn"
"306","NV-2","NV",2,"Rep.","2017-01-03","Republican","1958-06-12","Mark","E.","Amodei","Amodei, Mark (Rep.) [R-NV2]","male","MarkAmodeiNV2"
"307","OR-1","OR",1,"Rep.","2017-01-03","Democrat","1954-10-14","Suzanne","","Bonamici","Bonamici, Suzanne (Rep.) [D-OR1]","female","RepBonamici"
"308","KY-4","KY",4,"Rep.","2017-01-03","Republican","1971-01-13","Thomas","","Massie","Massie, Thomas (Rep.) [R-KY4]","male","RepThomasMassie"
"309","WA-1","WA",1,"Rep.","2017-01-03","Democrat","1962-02-17","Suzan","K.","DelBene","DelBene, Suzan (Rep.) [D-WA1]","female","RepDelBene"
"310","NJ-10","NJ",10,"Rep.","2017-01-03","Democrat","1958-12-17","Donald","M.","Payne","Payne, Donald (Rep.) [D-NJ10]","male","RepDonaldPayne"
"311","AZ-9","AZ",9,"Rep.","2017-01-03","Democrat","1976-07-12","Kyrsten","","Sinema","Sinema, Kyrsten (Rep.) [D-AZ9]","female","RepSinema"
"312","CA-1","CA",1,"Rep.","2017-01-03","Republican","1960-07-02","Doug","","LaMalfa","LaMalfa, Doug (Rep.) [R-CA1]","male","RepLaMalfa"
"313","CA-2","CA",2,"Rep.","2017-01-03","Democrat","1964-02-18","Jared","","Huffman","Huffman, Jared (Rep.) [D-CA2]","male","RepHuffman"
"314","CA-7","CA",7,"Rep.","2017-01-03","Democrat","1965-03-02","Ami","","Bera","Bera, Ami (Rep.) [D-CA7]","male","RepBera"
"315","CA-8","CA",8,"Rep.","2017-01-03","Republican","1943-03-03","Paul","","Cook","Cook, Paul (Rep.) [R-CA8]","male","RepPaulCook"
"316","CA-15","CA",15,"Rep.","2017-01-03","Democrat","1980-11-16","Eric","","Swalwell","Swalwell, Eric (Rep.) [D-CA15]","male","RepSwalwell"
"317","CA-21","CA",21,"Rep.","2017-01-03","Republican","1977-04-14","David","G.","Valadao","Valadao, David (Rep.) [R-CA21]","male","RepDavidValadao"
"318","CA-26","CA",26,"Rep.","2017-01-03","Democrat","1952-08-28","Julia","","Brownley","Brownley, Julia (Rep.) [D-CA26]","female","JuliaBrownley26"
"319","CA-29","CA",29,"Rep.","2017-01-03","Democrat","1963-03-31","Tony","","Cárdenas","Cárdenas, Tony (Rep.) [D-CA29]","male","RepCardenas"
"320","CA-36","CA",36,"Rep.","2017-01-03","Democrat","1972-08-25","Raul","","Ruiz","Ruiz, Raul (Rep.) [D-CA36]","male","CongressmanRuiz"
"321","CA-41","CA",41,"Rep.","2017-01-03","Democrat","1960-12-10","Mark","","Takano","Takano, Mark (Rep.) [D-CA41]","male","RepMarkTakano"
"322","CA-47","CA",47,"Rep.","2017-01-03","Democrat","1941-03-08","Alan","S.","Lowenthal","Lowenthal, Alan (Rep.) [D-CA47]","male","RepLowenthal"
"323","CA-51","CA",51,"Rep.","2017-01-03","Democrat","1961-03-07","Juan","","Vargas","Vargas, Juan (Rep.) [D-CA51]","male","RepJuanVargas"
"324","CA-52","CA",52,"Rep.","2017-01-03","Democrat","1958-06-17","Scott","H.","Peters","Peters, Scott (Rep.) [D-CA52]","male","RepScottPeters"
"325","CT-5","CT",5,"Rep.","2017-01-03","Democrat","1959-08-25","Elizabeth","H.","Esty","Esty, Elizabeth (Rep.) [D-CT5]","female","RepEsty"
"326","FL-3","FL",3,"Rep.","2017-01-03","Republican","1955-04-13","Ted","S.","Yoho","Yoho, Ted (Rep.) [R-FL3]","male","RepTedYoho"
"327","FL-6","FL",6,"Rep.","2017-01-03","Republican","1978-09-14","Ron","","DeSantis","DeSantis, Ron (Rep.) [R-FL6]","male","RepDeSantis"
"328","FL-18","FL",18,"Rep.","2017-01-03","Democrat","1983-03-30","Patrick","","Murphy","Murphy, Patrick (Rep.) [D-FL18]","male","RepMurphyFL"
"329","FL-22","FL",22,"Rep.","2017-01-03","Democrat","1948-05-16","Lois","","Frankel","Frankel, Lois (Rep.) [D-FL22]","female","RepLoisFrankel"
"330","GA-9","GA",9,"Rep.","2017-01-03","Republican","1966-08-16","Doug","","Collins","Collins, Doug (Rep.) [R-GA9]","male","RepDougCollins"
"331","HI-2","HI",2,"Rep.","2017-01-03","Democrat","1981-04-12","Tulsi","","Gabbard","Gabbard, Tulsi (Rep.) [D-HI2]","female","TulsiPress"
"332","IL-8","IL",8,"Rep.","2017-01-03","Democrat","1968-03-12","Tammy","","Duckworth","Duckworth, Tammy (Rep.) [D-IL8]","female","RepDuckworth"
"333","IL-13","IL",13,"Rep.","2017-01-03","Republican","1970-01-05","Rodney","","Davis","Davis, Rodney (Rep.) [R-IL13]","male","RodneyDavis"
"334","IL-17","IL",17,"Rep.","2017-01-03","Democrat","1961-10-17","Cheri","","Bustos","Bustos, Cheri (Rep.) [D-IL17]","female","RepCheri"
"335","IN-2","IN",2,"Rep.","2017-01-03","Republican","1963-08-17","Jackie","","Walorski","Walorski, Jackie (Rep.) [R-IN2]","female","RepWalorski"
"336","IN-5","IN",5,"Rep.","2017-01-03","Republican","1960-08-25","Susan","W.","Brooks","Brooks, Susan (Rep.) [R-IN5]","female","SusanWBrooks"
"337","IN-6","IN",6,"Rep.","2017-01-03","Republican","1969-02-27","Luke","","Messer","Messer, Luke (Rep.) [R-IN6]","male","RepLukeMesser"
"338","KY-6","KY",6,"Rep.","2017-01-03","Republican","1973-07-24","Garland","","Barr","Barr, Garland “Andy” (Rep.) [R-KY6]","male","RepAndyBarr"
"339","MA-4","MA",4,"Rep.","2017-01-03","Democrat","1980-10-04","Joseph","P.","Kennedy","Kennedy, Joseph (Rep.) [D-MA4]","male","RepJoeKennedy"
"340","MD-6","MD",6,"Rep.","2017-01-03","Democrat","1963-04-16","John","K.","Delaney","Delaney, John (Rep.) [D-MD6]","male","RepJohnDelaney"
"341","MI-5","MI",5,"Rep.","2017-01-03","Democrat","1958-08-11","Daniel","T.","Kildee","Kildee, Daniel (Rep.) [D-MI5]","male","RepDanKildee"
"342","MO-2","MO",2,"Rep.","2017-01-03","Republican","1962-09-13","Ann","","Wagner","Wagner, Ann (Rep.) [R-MO2]","female","RepAnnWagner"
"343","NC-8","NC",8,"Rep.","2017-01-03","Republican","1971-11-04","Richard","","Hudson","Hudson, Richard (Rep.) [R-NC8]","male","RepRichHudson"
"344","NC-9","NC",9,"Rep.","2017-01-03","Republican","1948-08-15","Robert","","Pittenger","Pittenger, Robert (Rep.) [R-NC9]","male","RepPittenger"
"345","NC-11","NC",11,"Rep.","2017-01-03","Republican","1959-07-28","Mark","","Meadows","Meadows, Mark (Rep.) [R-NC11]","male","RepMarkMeadows"
"346","NC-13","NC",13,"Rep.","2017-01-03","Republican","1968-04-17","George","","Holding","Holding, George (Rep.) [R-NC13]","male","RepHolding"
"347","ND-0","ND",0,"Rep.","2017-01-03","Republican","1961-01-21","Kevin","","Cramer","Cramer, Kevin (Rep.) [R-ND0]","male","RepKevinCramer"
"348","NH-2","NH",2,"Rep.","2017-01-03","Democrat","1956-09-05","Ann","M.","Kuster","Kuster, Ann (Rep.) [D-NH2]","female","RepAnnieKuster"
"349","NM-1","NM",1,"Rep.","2017-01-03","Democrat","1959-10-24","Michelle","","Lujan Grisham","Lujan Grisham, Michelle (Rep.) [D-NM1]","female","RepLujanGrisham"
"350","NY-6","NY",6,"Rep.","2017-01-03","Democrat","1975-10-01","Grace","","Meng","Meng, Grace (Rep.) [D-NY6]","female","RepGraceMeng"
"351","NY-8","NY",8,"Rep.","2017-01-03","Democrat","1970-08-04","Hakeem","S.","Jeffries","Jeffries, Hakeem (Rep.) [D-NY8]","male","RepJeffries"
"352","NY-18","NY",18,"Rep.","2017-01-03","Democrat","1966-07-30","Sean","Patrick","Maloney","Maloney, Sean (Rep.) [D-NY18]","male","RepSeanMaloney"
"353","NY-27","NY",27,"Rep.","2017-01-03","Republican","1950-05-20","Chris","","Collins","Collins, Chris (Rep.) [R-NY27]","male","RepChrisCollins"
"354","OH-2","OH",2,"Rep.","2017-01-03","Republican","1958-06-17","Brad","R.","Wenstrup","Wenstrup, Brad (Rep.) [R-OH2]","male","RepBradWenstrup"
"355","OH-3","OH",3,"Rep.","2017-01-03","Democrat","1950-03-12","Joyce","","Beatty","Beatty, Joyce (Rep.) [D-OH3]","female","RepBeatty"
"356","OH-14","OH",14,"Rep.","2017-01-03","Republican","1957-03-17","David","P.","Joyce","Joyce, David (Rep.) [R-OH14]","male","RepDaveJoyce"
"357","OK-1","OK",1,"Rep.","2017-01-03","Republican","1975-06-15","Jim","","Bridenstine","Bridenstine, Jim (Rep.) [R-OK1]","male","RepJBridenstine"
"358","OK-2","OK",2,"Rep.","2017-01-03","Republican","1977-07-26","Markwayne","","Mullin","Mullin, Markwayne (Rep.) [R-OK2]","male","RepMullin"
"359","PA-4","PA",4,"Rep.","2017-01-03","Republican","1962-05-27","Scott","","Perry","Perry, Scott (Rep.) [R-PA4]","male","RepScottPerry"
"360","PA-12","PA",12,"Rep.","2017-01-03","Republican","1962-04-25","Keith","J.","Rothfus","Rothfus, Keith (Rep.) [R-PA12]","male","KeithRothfus"
"361","PA-17","PA",17,"Rep.","2017-01-03","Democrat","1961-05-01","Matthew","A.","Cartwright","Cartwright, Matthew (Rep.) [D-PA17]","male","RepCartwright"
"362","SC-7","SC",7,"Rep.","2017-01-03","Republican","1957-08-04","Tom","","Rice","Rice, Tom (Rep.) [R-SC7]","male","RepTomRice"
"363","TX-14","TX",14,"Rep.","2017-01-03","Republican","1953-07-02","Randy","K.","Weber","Weber, Randy (Rep.) [R-TX14]","male","TXRandy14"
"364","TX-16","TX",16,"Rep.","2017-01-03","Democrat","1972-09-26","Beto","","O'Rourke","O'Rourke, Beto (Rep.) [D-TX16]","male","RepBetoORourke"
"365","TX-20","TX",20,"Rep.","2017-01-03","Democrat","1974-09-16","Joaquin","","Castro","Castro, Joaquin (Rep.) [D-TX20]","male","JoaquinCastrotx"
"366","TX-25","TX",25,"Rep.","2017-01-03","Republican","1949-09-13","Roger","","Williams","Williams, Roger (Rep.) [R-TX25]","male","RepRWilliams"
"367","TX-33","TX",33,"Rep.","2017-01-03","Democrat","1971-01-03","Marc","A.","Veasey","Veasey, Marc (Rep.) [D-TX33]","male","RepVeasey"
"368","TX-34","TX",34,"Rep.","2017-01-03","Democrat","1963-02-13","Filemon","","Vela","Vela, Filemon (Rep.) [D-TX34]","male","RepFilemonVela"
"369","UT-2","UT",2,"Rep.","2017-01-03","Republican","1960-07-15","Chris","","Stewart","Stewart, Chris (Rep.) [R-UT2]","male","RepChrisStewart"
"370","WA-6","WA",6,"Rep.","2017-01-03","Democrat","1974-01-01","Derek","","Kilmer","Kilmer, Derek (Rep.) [D-WA6]","male","RepDerekKilmer"
"371","WA-10","WA",10,"Rep.","2017-01-03","Democrat","1952-07-29","Denny","","Heck","Heck, Denny (Rep.) [D-WA10]","male","RepDennyHeck"
"372","WI-2","WI",2,"Rep.","2017-01-03","Democrat","1964-08-14","Mark","","Pocan","Pocan, Mark (Rep.) [D-WI2]","male","RepMarkPocan"
"373","IL-2","IL",2,"Rep.","2017-01-03","Democrat","1956-04-30","Robin","","Kelly","Kelly, Robin (Rep.) [D-IL2]","female","RepRobinKelly"
"374","MO-8","MO",8,"Rep.","2017-01-03","Republican","1980-06-16","Jason","T.","Smith","Smith, Jason (Rep.) [R-MO8]","male","RepJasonSmith"
"375","MA-5","MA",5,"Rep.","2017-01-03","Democrat","1963-07-17","Katherine","M.","Clark","Clark, Katherine (Rep.) [D-MA5]","female","RepKClark"
"376","AL-1","AL",1,"Rep.","2017-01-03","Republican","1955-02-16","Bradley","","Byrne","Byrne, Bradley (Rep.) [R-AL1]","male","RepByrne"
"377","FL-13","FL",13,"Rep.","2017-01-03","Republican","1972-10-31","David","W.","Jolly","Jolly, David (Rep.) [R-FL13]","male","USRepDavidJolly"
"378","FL-19","FL",19,"Rep.","2017-01-03","Republican","1959-09-28","Curtis","","Clawson","Clawson, Curtis “Curt” (Rep.) [R-FL19]","male","RepCurtClawson"
"379","VA-7","VA",7,"Rep.","2017-01-03","Republican","1964-07-27","David","Alan","Brat","Brat, David “Dave” (Rep.) [R-VA7]","male",NA
"380","NJ-1","NJ",1,"Rep.","2017-01-03","Democrat","1958-12-13","Donald","W.","Norcross","Norcross, Donald (Rep.) [D-NJ1]","male",NA
"381","NC-12","NC",12,"Rep.","2017-01-03","Democrat","1946-05-27","Alma","","Adams","Adams, Alma (Rep.) [D-NC12]","female","RepAdams"
"382","AL-6","AL",6,"Rep.","2017-01-03","Republican","1954-05-14","Gary","","Palmer","Palmer, Gary (Rep.) [R-AL6]","male","USRepGaryPalmer"
"383","AR-2","AR",2,"Rep.","2017-01-03","Republican","1956-12-05","French","","Hill","Hill, French (Rep.) [R-AR2]","male","RepFrenchHill"
"384","AR-4","AR",4,"Rep.","2017-01-03","Republican","1967-11-18","Bruce","","Westerman","Westerman, Bruce (Rep.) [R-AR4]","male","RepWesterman"
"385","AZ-2","AZ",2,"Rep.","2017-01-03","Republican","1966-03-22","Martha","","McSally","McSally, Martha (Rep.) [R-AZ2]","female","RepMcSally"
"386","AZ-7","AZ",7,"Rep.","2017-01-03","Democrat","1979-11-20","Ruben","","Gallego","Gallego, Ruben (Rep.) [D-AZ7]","male","RepRubenGallego"
"387","CA-11","CA",11,"Rep.","2017-01-03","Democrat","1952-03-31","Mark","","DeSaulnier","DeSaulnier, Mark (Rep.) [D-CA11]","male","RepDeSaulnier"
"388","CA-25","CA",25,"Rep.","2017-01-03","Republican","1966-12-17","Steve","","Knight","Knight, Steve (Rep.) [R-CA25]","male","SteveKnight25"
"389","CA-31","CA",31,"Rep.","2017-01-03","Democrat","1979-06-19","Pete","","Aguilar","Aguilar, Pete (Rep.) [D-CA31]","male","reppeteaguilar"
"390","CA-33","CA",33,"Rep.","2017-01-03","Democrat","1969-03-29","Ted","","Lieu","Lieu, Ted (Rep.) [D-CA33]","male","RepTedLieu"
"391","CA-35","CA",35,"Rep.","2017-01-03","Democrat","1965-04-04","Norma","","Torres","Torres, Norma (Rep.) [D-CA35]","female","NormaJTorres"
"392","CA-45","CA",45,"Rep.","2017-01-03","Republican","1962-05-14","Mimi","","Walters","Walters, Mimi (Rep.) [R-CA45]","female","RepMimiWalters"
"393","CO-4","CO",4,"Rep.","2017-01-03","Republican","1959-02-16","Ken","","Buck","Buck, Ken (Rep.) [R-CO4]","male","RepKenBuck"
"394","FL-2","FL",2,"Rep.","2017-01-03","Democrat","1963-01-31","Gwen","","Graham","Graham, Gwen (Rep.) [D-FL2]","female","RepGwenGraham"
"395","FL-26","FL",26,"Rep.","2017-01-03","Republican","1980-03-01","Carlos","","Curbelo","Curbelo, Carlos (Rep.) [R-FL26]","male","RepCurbelo"
"396","GA-1","GA",1,"Rep.","2017-01-03","Republican","1957-09-06","Buddy","","Carter","Carter, Buddy (Rep.) [R-GA1]","male","RepBuddyCarter"
"397","GA-10","GA",10,"Rep.","2017-01-03","Republican","1960-04-22","Jody","","Hice","Hice, Jody (Rep.) [R-GA10]","male","congressmanhice"
"398","GA-11","GA",11,"Rep.","2017-01-03","Republican","1963-12-22","Barry","","Loudermilk","Loudermilk, Barry (Rep.) [R-GA11]","male","RepLoudermilk"
"399","GA-12","GA",12,"Rep.","2017-01-03","Republican","1951-11-07","Rick","","Allen","Allen, Rick (Rep.) [R-GA12]","male","reprickallen"
"400","HI-1","HI",1,"Rep.","2017-01-03","Democrat","1967-07-01","Mark","","Takai","Takai, Mark (Rep.) [D-HI1]","male","RepMarkTakai"
"401","IA-1","IA",1,"Rep.","2017-01-03","Republican","1955-04-26","Rod","","Blum","Blum, Rod (Rep.) [R-IA1]","male","RepRodBlum"
"402","IA-3","IA",3,"Rep.","2017-01-03","Republican","1968-05-11","David","","Young","Young, David (Rep.) [R-IA3]","male","RepDavidYoung"
"403","IL-12","IL",12,"Rep.","2017-01-03","Republican","1960-12-30","Mike","","Bost","Bost, Mike (Rep.) [R-IL12]","male","RepBost"
"404","LA-5","LA",5,"Rep.","2017-01-03","Republican","1954-09-16","Ralph","","Abraham","Abraham, Ralph (Rep.) [R-LA5]","male","RepAbraham"
"405","LA-6","LA",6,"Rep.","2017-01-03","Republican","1972-01-31","Garret","","Graves","Graves, Garret (Rep.) [R-LA6]","male","RepGarretGraves"
"406","MA-6","MA",6,"Rep.","2017-01-03","Democrat","1978-10-24","Seth","","Moulton","Moulton, Seth (Rep.) [D-MA6]","male",NA
"407","ME-2","ME",2,"Rep.","2017-01-03","Republican","1953-11-01","Bruce","","Poliquin","Poliquin, Bruce (Rep.) [R-ME2]","male","RepPoliquin"
"408","MI-4","MI",4,"Rep.","2017-01-03","Republican","1961-05-08","John","","Moolenaar","Moolenaar, John (Rep.) [R-MI4]","male","RepMoolenaar"
"409","MI-8","MI",8,"Rep.","2017-01-03","Republican","1967-03-18","Mike","","Bishop","Bishop, Mike (Rep.) [R-MI8]","male","RepMikeBishop"
"410","MI-11","MI",11,"Rep.","2017-01-03","Republican","1960-10-16","Dave","","Trott","Trott, Dave (Rep.) [R-MI11]","male","repdavetrott"
"411","MI-12","MI",12,"Rep.","2017-01-03","Democrat","1953-11-23","Debbie","","Dingell","Dingell, Debbie (Rep.) [D-MI12]","female","RepDebDingell"
"412","MI-14","MI",14,"Rep.","2017-01-03","Democrat","1954-10-18","Brenda","","Lawrence","Lawrence, Brenda (Rep.) [D-MI14]","female",NA
"413","MN-6","MN",6,"Rep.","2017-01-03","Republican","1961-03-03","Tom","","Emmer","Emmer, Tom (Rep.) [R-MN6]","male","RepTomEmmer"
"414","MT-0","MT",0,"Rep.","2017-01-03","Republican","1961-11-01","Ryan","","Zinke","Zinke, Ryan (Rep.) [R-MT0]","male","RepRyanZinke"
"415","NC-7","NC",7,"Rep.","2017-01-03","Republican","1972-02-16","David","","Rouzer","Rouzer, David (Rep.) [R-NC7]","male","RepDavidRouzer"
"416","NE-2","NE",2,"Rep.","2017-01-03","Democrat","1949-11-10","Brad","","Ashford","Ashford, Brad (Rep.) [D-NE2]","male","RepBradAshford"
"417","NJ-3","NJ",3,"Rep.","2017-01-03","Republican","1960-10-16","Tom","","MacArthur","MacArthur, Tom (Rep.) [R-NJ3]","male","RepTomMacArthur"
"418","NJ-12","NJ",12,"Rep.","2017-01-03","Democrat","1945-02-06","Bonnie","","Watson Coleman","Watson Coleman, Bonnie (Rep.) [D-NJ12]","female","RepBWColeman"
"419","NV-4","NV",4,"Rep.","2017-01-03","Republican","1957-06-23","Cresent","","Hardy","Hardy, Cresent (Rep.) [R-NV4]","male","RepHardy"
"420","NY-1","NY",1,"Rep.","2017-01-03","Republican","1980-01-30","Lee","","Zeldin","Zeldin, Lee (Rep.) [R-NY1]","male","RepLeeZeldin"
"421","NY-4","NY",4,"Rep.","2017-01-03","Democrat","1965-02-15","Kathleen","","Rice","Rice, Kathleen (Rep.) [D-NY4]","female","RepKathleenRice"
"422","NY-21","NY",21,"Rep.","2017-01-03","Republican","1984-07-02","Elise","","Stefanik","Stefanik, Elise (Rep.) [R-NY21]","female","RepStefanik"
"423","NY-24","NY",24,"Rep.","2017-01-03","Republican","1962-11-09","John","","Katko","Katko, John (Rep.) [R-NY24]","male","RepJohnKatko"
"424","OK-5","OK",5,"Rep.","2017-01-03","Republican","1963-05-25","Steve","","Russell","Russell, Steve (Rep.) [R-OK5]","male","USRepRussell"
"425","PA-6","PA",6,"Rep.","2017-01-03","Republican","1976-09-07","Ryan","","Costello","Costello, Ryan (Rep.) [R-PA6]","male","RepRyanCostello"
"426","PA-13","PA",13,"Rep.","2017-01-03","Democrat","1977-02-06","Brendan","","Boyle","Boyle, Brendan (Rep.) [D-PA13]","male","RepBrendanBoyle"
"427","TX-4","TX",4,"Rep.","2017-01-03","Republican","1965-10-20","John","","Ratcliffe","Ratcliffe, John (Rep.) [R-TX4]","male","RepRatcliffe"
"428","TX-23","TX",23,"Rep.","2017-01-03","Republican","1977-08-19","Will","","Hurd","Hurd, Will (Rep.) [R-TX23]","male","hurdonthehill"
"429","TX-36","TX",36,"Rep.","2017-01-03","Republican","1948-03-23","Brian","","Babin","Babin, Brian (Rep.) [R-TX36]","male","RepBrianBabin"
"430","UT-4","UT",4,"Rep.","2017-01-03","Republican","1975-12-06","Mia","","Love","Love, Mia (Rep.) [R-UT4]","female","repmialove"
"431","VA-8","VA",8,"Rep.","2017-01-03","Democrat","1950-06-20","Donald","","Beyer","Beyer, Donald (Rep.) [D-VA8]","male",NA
"432","VA-10","VA",10,"Rep.","2017-01-03","Republican","1959-06-30","Barbara","","Comstock","Comstock, Barbara (Rep.) [R-VA10]","female","RepComstock"
"433","VI-0","VI",0,"Rep.","2017-01-03","Democrat","1966-05-13","Stacey","","Plaskett","Plaskett, Stacey (Rep.) [D-VI0]","female","staceyplaskett"
"434","WA-4","WA",4,"Rep.","2017-01-03","Republican","1955-07-10","Dan","","Newhouse","Newhouse, Dan (Rep.) [R-WA4]","male","RepNewhouse"
"435","WI-6","WI",6,"Rep.","2017-01-03","Republican","1955-07-03","Glenn","","Grothman","Grothman, Glenn (Rep.) [R-WI6]","male",NA
"436","WV-2","WV",2,"Rep.","2017-01-03","Republican","1971-06-05","Alex","","Mooney","Mooney, Alex (Rep.) [R-WV2]","male","RepAlexMooney"
"437","WV-3","WV",3,"Rep.","2017-01-03","Republican","1960-09-12","Evan","","Jenkins","Jenkins, Evan (Rep.) [R-WV3]","male","RepEvanJenkins"
"438","AS-0","AS",0,"Rep.","2017-01-03","Republican","1947-12-29","Aumua","","Amata","Amata, Aumua (Rep.) [R-AS0]","female","RepAmata"
"439","NY-11","NY",11,"Rep.","2017-01-03","Republican","1956-11-03","Daniel","M.","Donovan","Donovan, Daniel (Rep.) [R-NY11]","male",NA
"440","MS-1","MS",1,"Rep.","2017-01-03","Republican","1966-03-01","Trent","","Kelly","Kelly, Trent (Rep.) [R-MS1]","male",NA
